{"cameraMode":{"drawMode":0,"name":"Shaded","section":"Shading Mode"},"sceneLighting":false,"audioPlay":false,"sceneViewState":{"m_AlwaysRefresh":false,"showFog":true,"showSkybox":false,"showFlares":true,"showImageEffects":true,"showParticleSystems":true,"showVisualEffectGraphs":true,"m_FxEnabled":true},"in2DMode":false,"pivot":{"x":113.69999694824219,"y":0.30000001192092898,"z":8.720000267028809},"rotation":{"x":-0.2976372539997101,"y":0.15293432772159577,"z":-0.048370327800512317,"w":-0.9411101341247559},"size":2.476893186569214,"orthographic":false}