{"cameraMode":{"drawMode":0,"name":"Shaded","section":"Shading Mode"},"sceneLighting":true,"audioPlay":false,"sceneViewState":{"m_AlwaysRefresh":false,"showFog":true,"showSkybox":true,"showFlares":true,"showImageEffects":true,"showParticleSystems":true,"showVisualEffectGraphs":true,"m_FxEnabled":true},"in2DMode":false,"pivot":{"x":84.40365600585938,"y":81.93421936035156,"z":21.59600067138672},"rotation":{"x":-0.007558303885161877,"y":-0.25166091322898867,"z":0.001965183299034834,"w":-0.9677855372428894},"size":570.6361694335938,"orthographic":false}